{
  "id": "app-12345",
  "title": "Chore Tracker",
  "description": "A household application to manage and rotate chores among family members.",
  "status": "ready",
  "createdAt": "2025-08-01T12:00:00Z",
  "updatedAt": "2025-08-22T18:30:00Z",
  "iconUrl": "https://example.com/icons/chore_tracker.png",
  "category": "homeManagement",
  "tags": [
    "household",
    "chores",
    "family"
  ],
  "progress": {
    "percentage": 100.0,
    "currentPhase": "Finalizing",
    "developmentStatement": "Great news! Your Chore Tracker is complete and ready to use. I've added all the features you requested including family member management and weekly rotation scheduling.",
    "lastUpdated": "2025-08-22T18:30:00Z",
    "estimatedCompletion": "2025-08-22T18:30:00Z"
  }
}