{"assets/.DS_Store":["assets/.DS_Store"],"assets/templates/kiro/specs/user-application-template/design.md":["assets/templates/kiro/specs/user-application-template/design.md"],"assets/templates/kiro/specs/user-application-template/requirements.md":["assets/templates/kiro/specs/user-application-template/requirements.md"],"assets/templates/kiro/specs/user-application-template/tasks.md":["assets/templates/kiro/specs/user-application-template/tasks.md"],"assets/templates/manifest/manifest_example.json":["assets/templates/manifest/manifest_example.json"],"assets/templates/manifest/manifest_schema.json":["assets/templates/manifest/manifest_schema.json"],"packages/window_manager/images/ic_chrome_close.png":["packages/window_manager/images/ic_chrome_close.png"],"packages/window_manager/images/ic_chrome_maximize.png":["packages/window_manager/images/ic_chrome_maximize.png"],"packages/window_manager/images/ic_chrome_minimize.png":["packages/window_manager/images/ic_chrome_minimize.png"],"packages/window_manager/images/ic_chrome_unmaximize.png":["packages/window_manager/images/ic_chrome_unmaximize.png"]}